Activity Name,Activity Type
Pushkar Camel Trek,Trekking & Camping
Desert Camel Safari,Camel Safari
Lake Nakki Boating,Boating & Water Activities
Ranthambore Jeep Safari,Wildlife & Safari
Sariska Tiger Reserve Jeep Safari,Wildlife & Safari
Wagah Border March Ceremony,Other
Golden Temple Parikrama Boat Ride,Boating & Water Activities
Heritage Walking Tours,Heritage & Cultural Experiences
Wonderland Amusement Park Entry,Amusement & Theme Parks
City Heritage Walk,Heritage & Cultural Experiences
Sheesh Mahal Light and Sound Show,Shows & Entertainment
Rock Garden Entry and Boat Ride,Boating & Water Activities
Sukhna Lake Kayaking and Canoeing,Boating & Water Activities
Phillaur Fort Heritage Tour,Heritage & Cultural Experiences
Rangla Punjab Amusement Park,Amusement & Theme Parks
Bathinda Fort Jeep Safari,Wildlife & Safari
Thermal Springs Wellness Package,Wellness & Retreats
Anandpur Sahib Heritage Tour,Heritage & Cultural Experiences
Kila Anandpur Sahib Light and Sound Show,Shows & Entertainment
Bhakra Nangal Dam Guided Tour,Heritage & Cultural Experiences
Tattapani River Rafting,Boating & Water Activities
Shivalik Fossil Park Guided Walks,Heritage & Cultural Experiences
Heritage Walking Tour,Heritage & Cultural Experiences
Auroville Guided Tour,Heritage & Cultural Experiences
Scuba Diving,Water Sports & Adventure
Snorkeling,Water Sports & Adventure
Kayaking in Backwaters,Boating & Water Activities
Stand-Up Paddleboarding,Water Sports & Adventure
Beach Water Sports Combo,Water Sports & Adventure
Sunset Boat Cruise,Boating & Water Activities
Yoga Retreats,Wellness & Retreats
Cycling Tours,Heritage & Cultural Experiences
Sea Kayaking to Paradise Beach,Boating & Water Activities
Serenity Beach Camping,Trekking & Camping
Heritage Home Stay Packages,Heritage & Cultural Experiences
Lingaraja Temple Guided Tours,Heritage & Cultural Experiences
Odisha Museum Entry & Audio Guide,Heritage & Cultural Experiences
Puri Sea Beach Water Sports,Water Sports & Adventure
Chilika Lake Boat Safari,Boating & Water Activities
Konark Sound & Light Show,Shows & Entertainment
Konark Horse Cart Rides,Other
Cuttack Silver Filigree Workshops,Other
Hirakud Reservoir Boat Trips,Boating & Water Activities
Rourkela City Heritage Walks,Heritage & Cultural Experiences
Chilika Kayaking (Mangalajodi),Boating & Water Activities
Dhenkanal Hill Trek Packages,Trekking & Camping
Gopalpur Beach Parasailing & Jet Ski,Water Sports & Adventure
Berhampur Heritage Food Tours,Heritage & Cultural Experiences
Hornbill Festival Entry Passes,Shows & Entertainment
Heritage Walking Tours,Heritage & Cultural Experiences
Dzukou Valley Trek Packages,Trekking & Camping
Village Homestay Cultural Tours,Heritage & Cultural Experiences
Adventure Sports Combo,Other
River Rafting on Doyang River,Boating & Water Activities
Zip-lining Adventures,Adventure Sports
Tribal Village Tours,Heritage & Cultural Experiences
Cultural Immersion Packages,Heritage & Cultural Experiences
Bird Watching and Trekking,Trekking & Camping
Tribal Heritage Tours,Heritage & Cultural Experiences
Cultural Tour Packages,Heritage & Cultural Experiences
Adventure Trekking,Trekking & Camping
Konyak Headhunter Village Tours,Heritage & Cultural Experiences
Tribal Tattoo Culture Tours,Heritage & Cultural Experiences
Waterfall Trekking Tours,Trekking & Camping
Orchid Garden Tours,Heritage & Cultural Experiences
Heritage Walking Tours,Heritage & Cultural Experiences
Reiek Tlang Hiking,Trekking & Camping
Adventure Sports Combo,Other
City Tour Packages,Heritage & Cultural Experiences
Wildlife Sanctuary Tours,Wildlife & Safari
Phawngpui Peak Trek,Trekking & Camping
Rock Bridge Photography Tours,Heritage & Cultural Experiences
Indo-Myanmar Border Tours,Heritage & Cultural Experiences
Paragliding Adventures,Adventure Sports
Rihdil Lake Boating,Boating & Water Activities
Vantawng Falls Trek,Trekking & Camping
Tuirihiau Rock Climbing,Other
Ngengpui Wildlife Safari,Wildlife & Safari
Phawngpui National Park Entry,Amusement & Theme Parks
Kawmzawl Park Tours,Heritage & Cultural Experiences
Dampa Tiger Reserve Safari,Wildlife & Safari
Pukzing Cave Exploration,Other
Orange Garden Tours,Heritage & Cultural Experiences
Tamdil Lake Boating,Boating & Water Activities
Pualreng Wildlife Sanctuary,Wildlife & Safari
Umiam Lake Boating,Boating & Water Activities
Zip-lining at Mawkdok Valley,Adventure Sports
Living Root Bridge Trek,Trekking & Camping
Balpakram National Park Safari,Amusement & Theme Parks
Dzukou Valley Trek and Camp,Trekking & Camping
Krang Suri Waterfall Entry and Swimming,Other
Riwai Single Root Bridge Trek,Trekking & Camping
Paragliding,Adventure Sports
Keibul Lamjao Boat Safari,Boating & Water Activities
Mount Koubru Trek,Trekking & Camping
Shirui Lily Festival Tour,Heritage & Cultural Experiences
Moreh Border Market Guided Tour,Heritage & Cultural Experiences
Khoupum Valley Adventure,Other
Ima Keithel Heritage Walk,Heritage & Cultural Experiences
Loktak Lake Cycling Tour,Heritage & Cultural Experiences
Thoubal River Rafting,Boating & Water Activities
Maibam Lokpa Ching Battle Site Tour,Heritage & Cultural Experiences
Tamenglong Waterfall Trek and Camp,Trekking & Camping
Artisan Weaving Workshop,Other
Floating Café Experience on Loktak Lake,Other
Boat Ride to Sendra Island,Boating & Water Activities
Heritage Walking Tour,Heritage & Cultural Experiences
Sunset Harbor Cruise,Boating & Water Activities
Bollywood Studio Tour,Heritage & Cultural Experiences
Elephanta Caves Ferry Ride,Other
Sinhagad Sunrise Trek,Trekking & Camping
Pune Food Walk,Heritage & Cultural Experiences
Dragon Rides Cable Car,Other
Camping at Tiger’s Point,Trekking & Camping
Venna Lake Boating,Boating & Water Activities
Strawberry Farm Tour,Heritage & Cultural Experiences
Toy Train Ride,Other
VIP Darshan at Shirdi Temple,Heritage & Cultural Experiences
Ajanta Caves Jeep Safari,Wildlife & Safari
Ellora Cave Guided Tour,Heritage & Cultural Experiences
Wine Tasting Tour,Heritage & Cultural Experiences
River Rafting on Godavari,Boating & Water Activities
Bungee Jumping,Adventure Sports
Hot Air Balloon Ride,Adventure Sports
Water Sports Combo,Water Sports & Adventure
Historic Fort Jeep Tour,Heritage & Cultural Experiences
Boat Cruise on Upper Lake,Boating & Water Activities
Bhojpur Hiking and Boating,Trekking & Camping
Cultural Heritage Walk,Heritage & Cultural Experiences
Chambal River Safari,Other
Sound and Light Show at Gwalior Fort,Heritage & Cultural Experiences
Khajuraho Light and Sound Show,Shows & Entertainment
Guided Temple Tour,Heritage & Cultural Experiences
Boat Safari at Dhuandhar Falls,Boating & Water Activities
Light and Sound Show at Sanchi Stupa,Shows & Entertainment
Ujjain Heritage Walk,Heritage & Cultural Experiences
Pachmarhi Adventure Park,Amusement & Theme Parks
Forest Safari and Camping,Trekking & Camping
Orchha Sunrise Boat Ride,Boating & Water Activities
Heritage Rickshaw Tour,Heritage & Cultural Experiences
River Rafting on Sindh River,Boating & Water Activities
Scuba Diving,Water Sports & Adventure
Snorkeling,Water Sports & Adventure
Glass-Bottom Boat Ride,Boating & Water Activities
Kayaking,Boating & Water Activities
Night Snorkeling,Water Sports & Adventure
Sea Walking,Water Sports & Adventure
Sunset Dolphin Cruise,Boating & Water Activities
Fishing Excursion,Other
Glass-Bottom Canoe Ride,Boating & Water Activities
