Activity,Category
Paragliding,Adventure & Thrill Sports
Robber's Cave Entry,Nature & Scenic Attractions
Hot Water Bath at Sahastradhara,Nature & Scenic Attractions
Guided Jungle Safari (Rajaji National Park),Wildlife & Jungle Safaris
River Rafting,Water-Based Activities
Bungee Jumping,Adventure & Thrill Sports
Yoga and Meditation Retreats,Wellness & Spiritual Retreats
Flying Fox Zipline,Adventure & Thrill Sports
Cable Car Ride to Gun Hill,Ropeways & Cable Rides
Kempty Falls Swimming & Boating,Nature & Scenic Attractions
Boating at Naini Lake,Water-Based Activities
Nainital Ropeway,Ropeways & Cable Rides
Eco Cave Gardens Entry,Nature & Scenic Attractions
Safari at Corbett Tiger Reserve,Wildlife & Jungle Safaris
Guided Trekking and Camping,Outdoor Recreation
Snow Sports in Auli,Nature & Scenic Attractions
Guided Bird Watching at Binsar,Wildlife & Jungle Safaris
Ropeway to Surkanda Devi Temple,Nature & Scenic Attractions
Eco Park Entry (Dhanaulti),Nature & Scenic Attractions
Cycling or ATV Rental,Outdoor Recreation
Jungle Camping,Wildlife & Jungle Safaris
Rock Climbing and Ziplining,Adventure & Thrill Sports
Tea Garden Tour,Eco & Nature Tours
Heritage Walk Guided Tour,Heritage & Cultural Tours
Heritage Walking Tours,Heritage & Cultural Tours
Hooghly River Evening Cruise,Water-Based Activities
Food Tours,Culinary & Food Experiences
Tram Heritage Tours,Heritage & Cultural Tours
Private Full-Day City Tours,City & Local Exploration
Toy Train Joy Rides,Heritage & Cultural Tours
Darjeeling Ropeway,Ropeways & Cable Rides
Tea Garden Tours,Eco & Nature Tours
Tiger Safari Boat Tours,Wildlife & Jungle Safaris
Day Safari Tours,Wildlife & Jungle Safaris
Water Sports Combo,Water-Based Activities
Parasailing,Adventure & Thrill Sports
Jet Skiing,Adventure & Thrill Sports
Paragliding,Adventure & Thrill Sports
Mountain Biking,Adventure & Thrill Sports
River Rafting,Water-Based Activities
Trekking Packages,Outdoor Recreation
Tagore Heritage Tours,Heritage & Cultural Tours
Cultural Workshop Tours,Heritage & Cultural Tours
Historical Palace Tours,Heritage & Cultural Tours
Battle of Plassey Tours,Heritage & Cultural Tours
Terracotta Temple Tours,Heritage & Cultural Tours
Baluchari Silk Weaving Tours,Heritage & Cultural Tours
Toy Train Jungle Safari,Heritage & Cultural Tours
Heritage River Cruises,Heritage & Cultural Tours
Heritage Walking Tours,Heritage & Cultural Tours
Culinary Food Walks,Culinary & Food Experiences
Night Heritage Walks,Heritage & Cultural Tours
Private Full-Day City Tours,City & Local Exploration
Taj Mahal Guided Tours,Heritage & Cultural Tours
Skip-the-Line Taj Tours,Heritage & Cultural Tours
Sunrise Taj Mahal Tours,Heritage & Cultural Tours
Full-Day Agra City Tours,City & Local Exploration
Ganges Boat Rides,Water-Based Activities
Spiritual Yoga Packages,Wellness & Spiritual Retreats
Full-Day Private Tours,City & Local Exploration
Heritage Temple Tours,Heritage & Cultural Tours
Spiritual Pilgrimage Packages,Wellness & Spiritual Retreats
Kumbh Mela Tour Packages,Wellness & Spiritual Retreats
VIP Kumbh Experience,Wellness & Spiritual Retreats
Triveni Sangam Boat Tours,Water-Based Activities
Adventure Sports Package,Adventure & Thrill Sports
Blue World Theme Park,Theme & Amusement Parks
River Rafting,Water-Based Activities
Nepal Wildlife Safari Tours,Wildlife & Jungle Safaris
Nepal Adventure Packages,Multi-Destination & Package Tours
Heritage Fort Walking Tours,Heritage & Cultural Tours
Full-Day Jhansi-Orchha Tours,Heritage & Cultural Tours
Buddhist Heritage Tours,Heritage & Cultural Tours
Meditation Retreat Packages,Wellness & Spiritual Retreats
Ram Janmabhoomi Guided Tours,Religious & Pilgrimage Sites
Full-Day Ayodhya Tours,City & Local Exploration
Multi-City Spiritual Packages,Wellness & Spiritual Retreats
Sepahijala Wildlife Safari,Wildlife & Jungle Safaris
Tripura Tourism Package Tours,Multi-Destination & Package Tours
Eco Tourism Packages,Eco & Nature Tours
Archaeological Tours,Heritage & Cultural Tours
Neermahal Boat Rides,Water-Based Activities
Neermahal Private Boat Tours,Water-Based Activities
Cultural Heritage Walking Tours,Heritage & Cultural Tours
Adventure Activity Combo,Adventure & Thrill Sports
Tripura Sundari Temple Tours,Religious & Pilgrimage Sites
Unakoti Heritage Site Tours,Heritage & Cultural Tours
Khowrabil Lake Boating,Nature & Scenic Attractions
Tea Garden Tours,Eco & Nature Tours
Kali Dighi Lake Evening Tours,Nature & Scenic Attractions
Unakoti Day Excursions,Heritage & Cultural Tours
Trishna Wildlife Sanctuary Tours,Wildlife & Jungle Safaris
Pilak Archaeological Tours,Heritage & Cultural Tours
Devtamura Rock Carving Tours,Heritage & Cultural Tours
Blissful Tripura Package Tours,Multi-Destination & Package Tours
IRCTC Tripura Tours,Multi-Destination & Package Tours
Nature Trip Packages,Eco & Nature Tours
Heritage Walking Tours,Heritage & Cultural Tours
Food Walking Tours,Culinary & Food Experiences
Bungee Jumping,Adventure & Thrill Sports
District Gravity Adventure Park,Adventure & Thrill Sports
Ramoji Film City Tours,Theme & Amusement Parks
Falaknuma Palace Heritage Walk,Heritage & Cultural Tours
Ramappa Temple Heritage Tours,Heritage & Cultural Tours
Kakatiya Heritage Day Tours,Heritage & Cultural Tours
Adventure Sports Packages,Adventure & Thrill Sports
Pocharam Wildlife Safari,Wildlife & Jungle Safaris
Tipeshwar Wildlife Safari,Wildlife & Jungle Safaris
Kaleshwaram Temple Tours,Religious & Pilgrimage Sites
Lower Manair Dam Boating,Water-Based Activities
Bhadrachalam Papikondalu Tours,Religious & Pilgrimage Sites
Kinnerasani Wildlife Safari,Wildlife & Jungle Safaris
Jungle Safari Tours,Wildlife & Jungle Safaris
Nagarjuna Sagar Dam Tours,Nature & Scenic Attractions
Adventure Tour Packages,Multi-Destination & Package Tours
Street Food Walking Tours,Culinary & Food Experiences
Private City Tours,City & Local Exploration
Heritage Walking Tours,Heritage & Cultural Tours
Cooking Classes,Culinary & Food Experiences
Toy Train Rides,Heritage & Cultural Tours
Coonoor to Ooty Train Ride,Nature & Scenic Attractions
Lake Boating,Nature & Scenic Attractions
Adventure Sports Packages,Adventure & Thrill Sports
Heritage Walking Tours,Heritage & Cultural Tours
Food Tours,Culinary & Food Experiences
Rickshaw Tours,City & Local Exploration
Private Temple Tours,Religious & Pilgrimage Sites
Private Heritage Tours,Heritage & Cultural Tours
Combined Day Trips,City & Local Exploration
Brihadeeswarar Temple Tours,Heritage & Cultural Tours
Art Gallery Tours,Heritage & Cultural Tours
Rock Fort Temple Tours,Heritage & Cultural Tours
Silk Weaving Tours,Heritage & Cultural Tours
Temple Circuit Tours,Heritage & Cultural Tours
Gangtok Ropeway Ride,Ropeways & Cable Rides
Yak Safari at Tsomgo Lake,Outdoor Recreation
Teesta River Rafting,Water-Based Activities
Helicopter Joy Ride,Adventure & Thrill Sports
Zip-lining at Kanchenjunga Falls,Adventure & Thrill Sports
Pelling Skywalk Experience,Adventure & Thrill Sports
Bungee Jumping at Singshore Bridge,Adventure & Thrill Sports
Yak Trekking to Dzongri,Outdoor Recreation
North Sikkim Sharing Tour (Lachung–Yumthang),Multi-Destination & Package Tours
Lachung–Lachen Guided Tour Package,Multi-Destination & Package Tours
Hot Air Balloon Ride,Adventure & Thrill Sports
Private Lake Pichola Boat Cruise,Water-Based Activities
Mehrangarh Fort Zipline Adventure,Adventure & Thrill Sports
Desert Camping and Camel Safari,Outdoor Recreation
Guided City Walking Tour,City & Local Exploration
